peptide,binding.netmhciipan_el.percentile.HLA-DRB1*12:02,binding.netmhciipan_el.percentile.HLA-DRB1*15:02,overall median binding percentile,binding.median_percentile.HLA-DRB1*12:02,binding.median_percentile.HLA-DRB1*15:02,global median binding percentile
NLQIKQILSNGADTT,5.5,2.2,3.85,5.5,2.2,3.85
SELIKSGKNPYLYFN,12,6.1,9.05,12,6.1,9.05
QVKIYNLQIKQILSN,0.95,18,9.475,0.95,18,9.475
GNNGNIIANPSLSML,7.8,13,10.4,7.8,13,10.4
TIFIKMAKIPVPTAS,9.5,12,10.75,9.5,12,10.75
VGDIWMFPNQVWDRF,17,5.7,11.35,17,5.7,11.35
MPDLPYKTWKLFQYG,16,11,13.5,16,11,13.5
KYVVTKNTRQFITTI,10,19,14.5,10,19,14.5
LFQYGYIPIENELAD,28,1.3,14.65,28,1.3,14.65
GSSFFKIKRAVAPAL,19,11,15,19,11,15
RDQLLYKGNQTTYNL,25,9.8,17.4,25,9.8,17.4
VQYIRQNGSTAASTG,29,6.9,17.95,29,6.9,17.95
VPTRRVQYIRQNGST,6.2,30,18.1,6.2,30,18.1
IGGIIGSSFFKIKRA,15,23,19,15,23,19
MPPIKRQPRGWVLPG,4.9,35,19.95,4.9,35,19.95
PTYHVDPTGAYIQPT,25,15,20,25,15,20
KIKRAVAPALGNKER,23,21,22,23,21,22
AQKRHFYFANSNKGA,44,0.66,22.33,44,0.66,22.33
NLEYKLQWYQTPEGT,43,3.1,23.05,43,3.1,23.05
QNGHLYKTEAIETTN,32,15,23.5,32,15,23.5
SGKNPYLYFNKADEK,39,9,24,39,9,24
TAGVHIFCDGEHAYP,22,27,24.5,22,27,24.5
KNTRQFITTIQNGHL,22,28,25,22,28,25
YKTWKLFQYGYIPIE,39,12,25.5,39,12,25.5
IPPGLMFNPKVPTRR,21,31,26,21,31,26
EYKRFRPKAMQVKIY,38,17,27.5,38,17,27.5
NELADLDGNAAGGNA,25,31,28,25,31,28
SPQDWQRLTNEYKRF,43,13,28,43,13,28
QRLTNEYKRFRPKAM,46,11,28.5,46,11,28.5
AASTGRIQPYSKPTS,35,26,30.5,35,26,30.5
RPKAMQVKIYNLQIK,23,38,30.5,23,38,30.5
RQPRGWVLPGYRYLG,8.1,56,32.05,8.1,56,32.05
SHFSDKYVVTKNTRQ,56,9.3,32.65,56,9.3,32.65
YLYFNKADEKFIDDL,52,16,34,52,16,34
TPWTYFNFNQYSCHF,61,7.3,34.15,61,7.3,34.15
TEKALLYQMPFFLLE,36,33,34.5,36,33,34.5
FITTIQNGHLYKTEA,22,48,35,22,48,35
CEIVWEVERYATKNW,35,36,35.5,35,36,35.5
ATKNWRPERRHTALG,49,26,37.5,49,26,37.5
WVLPGYRYLGPFNPL,54,21,37.5,54,21,37.5
DHPPGTIFIKMAKIP,18,60,39,18,60,39
EVERYATKNWRPERR,53,28,40.5,53,28,40.5
SDTDIQDQQPDTVDA,30,51,40.5,30,51,40.5
NADSYLNIYCTGQVS,67,17,42,67,17,42
IIANPSLSMLRDQLL,31,57,44,31,57,44
YRYLGPFNPLDNGEP,52,39,45.5,52,39,45.5
KGSGVGISTGGWVGG,42,50,46,42,50,46
APFMVCTNPEGTHIN,75,21,48,75,21,48
FNFNQYSCHFSPQDW,91,7.1,49.05,91,7.1,49.05
LYQMPFFLLENSDHQ,61,39,50,61,39,50
SLSMLRDQLLYKGNQ,41,59,50,41,59,50
GNKERAQKRHFYFAN,21,80,50.5,21,80,50.5
DKHTIMDPFDGSIAM,72,30,51,72,30,51
AGGNATEKALLYQMP,28,77,52.5,28,77,52.5
CEWVNNERAYIPPGL,68,39,53.5,68,39,53.5
GADTTYNNDLTAGVH,74,34,54,74,34,54
MFPNQVWDRFPITRE,55,53,54,55,53,54
RAAQLHDHAYSELIK,53,55,54,53,55,54
RIQPYSKPTSWMTGP,71,37,54,71,37,54
DPTGAYIQPTSYDQC,44,68,56,44,68,56
WDEDVMPDLPYKTWK,51,61,56,51,61,56
HDHAYSELIKSGKNP,64,49,56.5,64,49,56.5
YKTEAIETTNQSGKS,53,61,57,53,61,57
SKPTSWMTGPGLLSA,75,41,58,75,41,58
WMTGPGLLSAQRVGP,43,73,58,43,73,58
FFLLENSDHQVLRTG,62,57,59.5,62,57,59.5
TGQVSCEIVWEVERY,64,56,60,64,56,60
YIPIENELADLDGNA,52,69,60.5,52,69,60.5
DNGEPVNNADRAAQL,49,73,61,49,73,61
GLLSAQRVGPQSSDT,43,80,61.5,43,80,61.5
KDDWSIGGIIGSSFF,53,70,61.5,53,70,61.5
ESNYTPTYHVDPTGA,81,44,62.5,81,44,62.5
NPIWCKKPRADKHTI,56,70,63,56,70,63
GTHINTGAAGFGSGF,57,70,63.5,57,70,63.5
FYFANSNKGAKKTKK,93,35,64,93,35,64
VNNADRAAQLHDHAY,49,80,64.5,49,80,64.5
YSCHFSPQDWQRLTN,76,53,64.5,76,53,64.5
NSDHQVLRTGESTEF,59,71,65,59,71,65
TTYNLVGDIWMFPNQ,91,39,65,91,39,65
GSIAMDHPPGTIFIK,62,69,65.5,62,69,65.5
MFNPKVPTRRVQYIR,57,77,67,57,77,67
KADEKFIDDLKDDWS,80,58,69,80,58,69
QRVGPQSSDTAPFMV,64,75,69.5,64,75,69.5
NERAYIPPGLMFNPK,80,61,70.5,80,61,70.5
FIDDLKDDWSIGGII,82,60,71,82,60,71
EHAYPNASHPWDEDV,74,69,71.5,74,69,71.5
TPEGTGNNGNIIANP,75,68,71.5,75,68,71.5
MDPFDGSIAMDHPPG,87,59,73,87,59,73
IFCDGEHAYPNASHP,96,52,74,96,52,74
RPERRHTALGMSLGG,83,67,75,83,67,75
TGAAGFGSGFDPPSG,97,55,76,97,55,76
YKGNQTTYNLVGDIW,86,66,76,86,66,76
KKPRADKHTIMDPFD,67,86,76.5,67,86,76.5
VAPALGNKERAQKRH,69,84,76.5,69,84,76.5
GTSKMSDTDIQDQQP,75,79,77,75,79,77
GWVGGSHFSDKYVVT,80,75,77.5,80,75,77.5
LQWYQTPEGTGNNGN,88,67,77.5,88,67,77.5
CLAPTNLEYKLQWYQ,79,77,78,79,77,78
QILSNGADTTYNNDL,67,90,78.5,67,90,78.5
VWDRFPITRENPIWC,94,64,79,94,64,79
MSLGGESNYTPTYHV,76,84,80,76,84,80
YNNDLTAGVHIFCDG,83,77,80,83,77,80
MAKIPVPTASNADSY,84,78,81,84,78,81
TFNFDCEWVNNERAY,94,68,81,94,68,81
QNGSTAASTGRIQPY,80,83,81.5,80,83,81.5
QRCVTTPWTYFNFNQ,93,72,82.5,93,72,82.5
HTALGMSLGGESNYT,83,85,84,83,85,84
SYDQCMPVKTNINKV,85,85,85,85,85,85
PFNPLDNGEPVNNAD,93,78,85.5,93,78,85.5
YIQPTSYDQCMPVKT,90,81,85.5,90,81,85.5
KKTKKSEPKPGTSKM,80,96,88,80,96,88
ESTEFTFNFDCEWVN,99,78,88.5,99,78,88.5
QDQQPDTVDAPQNTS,89,88,88.5,89,88,88.5
CTNPEGTHINTGAAG,92,88,90,92,88,90
PITRENPIWCKKPRA,89,91,90,89,91,90
SNKGAKKTKKSEPKP,87,93,90,87,93,90
GISTGGWVGGSHFSD,95,87,91,95,87,91
VLRTGESTEFTFNFD,88,94,91,88,94,91
VPTASNADSYLNIYC,91,92,91.5,91,92,91.5
DPPSGCLAPTNLEYK,91,95,93,91,95,93
DTVDAPQNTSGGGTG,97,89,93,97,89,93
NASHPWDEDVMPDLP,96,92,94,96,92,94
FGSGFDPPSGCLAPT,99,90,94.5,99,90,94.5
QSGKSQRCVTTPWTY,94,95,94.5,94,95,94.5
GGGTGSIGGGKGSGV,95,96,95.5,95,96,95.5
IETTNQSGKSQRCVT,98,93,95.5,98,93,95.5
QSSDTAPFMVCTNPE,99,92,95.5,99,92,95.5
SEPKPGTSKMSDTDI,93,99,96,93,99,96
LDGNAAGGNATEKAL,98,97,97.5,98,97,97.5
SIGGGKGSGVGISTG,98,97,97.5,98,97,97.5
PQNTSGGGTGSIGGG,99,97,98,99,97,98
LNIYCTGQVSCEIVW,99,99,99,99,99,99