seq #,peptide,start,end,peptide length,allele,peptide index,median binding percentile,netmhciipan_el core,netmhciipan_el score,netmhciipan_el percentile
1,AQKRHFYFANSNKGA,101,115,15,HLA-DRB1*15:02,21,0.66,FYFANSNKG,0.744727,0.66
1,QVKIYNLQIKQILSN,256,270,15,HLA-DRB1*12:02,52,0.95,IYNLQIKQI,0.662574,0.95
1,LFQYGYIPIENELAD,316,330,15,HLA-DRB1*15:02,64,1.3,YIPIENELA,0.647539,1.3
1,NLQIKQILSNGADTT,261,275,15,HLA-DRB1*15:02,53,2.2,IKQILSNGA,0.519178,2.2
1,NLEYKLQWYQTPEGT,481,495,15,HLA-DRB1*15:02,97,3.1,LQWYQTPEG,0.419953,3.1
1,MPPIKRQPRGWVLPG,1,15,15,HLA-DRB1*12:02,1,4.9,IKRQPRGWV,0.377291,4.9
1,NLQIKQILSNGADTT,261,275,15,HLA-DRB1*12:02,53,5.5,IKQILSNGA,0.354343,5.5
1,VGDIWMFPNQVWDRF,526,540,15,HLA-DRB1*15:02,106,5.7,IWMFPNQVW,0.273178,5.7
1,SELIKSGKNPYLYFN,46,60,15,HLA-DRB1*15:02,10,6.1,IKSGKNPYL,0.259083,6.1
1,VPTRRVQYIRQNGST,396,410,15,HLA-DRB1*12:02,80,6.2,VQYIRQNGS,0.330271,6.2
1,VQYIRQNGSTAASTG,401,415,15,HLA-DRB1*15:02,81,6.9,YIRQNGSTA,0.237075,6.9
1,FNFNQYSCHFSPQDW,226,240,15,HLA-DRB1*15:02,46,7.1,FNQYSCHFS,0.230109,7.1
1,TPWTYFNFNQYSCHF,221,235,15,HLA-DRB1*15:02,45,7.3,YFNFNQYSC,0.22541,7.3
1,GNNGNIIANPSLSML,496,510,15,HLA-DRB1*12:02,100,7.8,IIANPSLSM,0.284059,7.8
1,RQPRGWVLPGYRYLG,6,20,15,HLA-DRB1*12:02,2,8.1,GWVLPGYRY,0.277035,8.1
1,SGKNPYLYFNKADEK,51,65,15,HLA-DRB1*15:02,11,9,YLYFNKADE,0.18611,9
1,SHFSDKYVVTKNTRQ,176,190,15,HLA-DRB1*15:02,36,9.3,YVVTKNTRQ,0.176161,9.3
1,TIFIKMAKIPVPTAS,576,590,15,HLA-DRB1*12:02,116,9.5,FIKMAKIPV,0.247483,9.5
1,RDQLLYKGNQTTYNL,511,525,15,HLA-DRB1*15:02,103,9.8,LLYKGNQTT,0.165893,9.8
1,KYVVTKNTRQFITTI,181,195,15,HLA-DRB1*12:02,37,10,VVTKNTRQF,0.237552,10
1,GSSFFKIKRAVAPAL,81,95,15,HLA-DRB1*15:02,17,11,FFKIKRAVA,0.156074,11
1,MPDLPYKTWKLFQYG,306,320,15,HLA-DRB1*15:02,62,11,YKTWKLFQY,0.147065,11
1,QRLTNEYKRFRPKAM,241,255,15,HLA-DRB1*15:02,49,11,YKRFRPKAM,0.145138,11
1,SELIKSGKNPYLYFN,46,60,15,HLA-DRB1*12:02,10,12,LIKSGKNPY,0.212291,12
1,TIFIKMAKIPVPTAS,576,590,15,HLA-DRB1*15:02,116,12,FIKMAKIPV,0.139772,12
1,YKTWKLFQYGYIPIE,311,325,15,HLA-DRB1*15:02,63,12,WKLFQYGYI,0.132039,12
1,SPQDWQRLTNEYKRF,236,250,15,HLA-DRB1*15:02,48,13,WQRLTNEYK,0.127066,13
1,GNNGNIIANPSLSML,496,510,15,HLA-DRB1*15:02,100,13,IIANPSLSM,0.12324,13
1,IGGIIGSSFFKIKRA,76,90,15,HLA-DRB1*12:02,16,15,IIGSSFFKI,0.170795,15
1,QNGHLYKTEAIETTN,196,210,15,HLA-DRB1*15:02,40,15,GHLYKTEAI,0.108218,15
1,PTYHVDPTGAYIQPT,641,655,15,HLA-DRB1*15:02,129,15,YHVDPTGAY,0.104223,15
1,MPDLPYKTWKLFQYG,306,320,15,HLA-DRB1*12:02,62,16,YKTWKLFQY,0.155392,16
1,YLYFNKADEKFIDDL,56,70,15,HLA-DRB1*15:02,12,16,FNKADEKFI,0.099517,16
1,VGDIWMFPNQVWDRF,526,540,15,HLA-DRB1*12:02,106,17,IWMFPNQVW,0.15386,17
1,EYKRFRPKAMQVKIY,246,260,15,HLA-DRB1*15:02,50,17,YKRFRPKAM,0.087824,17
1,NADSYLNIYCTGQVS,591,605,15,HLA-DRB1*15:02,119,17,LNIYCTGQV,0.084737,17
1,DHPPGTIFIKMAKIP,571,585,15,HLA-DRB1*12:02,115,18,TIFIKMAKI,0.137086,18
1,QVKIYNLQIKQILSN,256,270,15,HLA-DRB1*15:02,52,18,IYNLQIKQI,0.080661,18
1,GSSFFKIKRAVAPAL,81,95,15,HLA-DRB1*12:02,17,19,FFKIKRAVA,0.134832,19
1,KYVVTKNTRQFITTI,181,195,15,HLA-DRB1*15:02,37,19,YVVTKNTRQ,0.072,19
1,GNKERAQKRHFYFAN,96,110,15,HLA-DRB1*12:02,20,21,ERAQKRHFY,0.122272,21
1,IPPGLMFNPKVPTRR,386,400,15,HLA-DRB1*12:02,78,21,LMFNPKVPT,0.119163,21
1,APFMVCTNPEGTHIN,446,460,15,HLA-DRB1*15:02,90,21,FMVCTNPEG,0.064561,21
1,WVLPGYRYLGPFNPL,11,25,15,HLA-DRB1*15:02,3,21,YRYLGPFNP,0.063551,21
1,KIKRAVAPALGNKER,86,100,15,HLA-DRB1*15:02,18,21,IKRAVAPAL,0.061797,21
1,TAGVHIFCDGEHAYP,281,295,15,HLA-DRB1*12:02,57,22,IFCDGEHAY,0.115121,22
1,FITTIQNGHLYKTEA,191,205,15,HLA-DRB1*12:02,39,22,TTIQNGHLY,0.114229,22
1,KNTRQFITTIQNGHL,186,200,15,HLA-DRB1*12:02,38,22,ITTIQNGHL,0.113978,22
1,RPKAMQVKIYNLQIK,251,265,15,HLA-DRB1*12:02,51,23,AMQVKIYNL,0.110708,23
1,KIKRAVAPALGNKER,86,100,15,HLA-DRB1*12:02,18,23,IKRAVAPAL,0.10844,23
1,IGGIIGSSFFKIKRA,76,90,15,HLA-DRB1*15:02,16,23,IIGSSFFKI,0.056907,23
1,NELADLDGNAAGGNA,326,340,15,HLA-DRB1*12:02,66,25,LADLDGNAA,0.098272,25
1,RDQLLYKGNQTTYNL,511,525,15,HLA-DRB1*12:02,103,25,LYKGNQTTY,0.096932,25
1,PTYHVDPTGAYIQPT,641,655,15,HLA-DRB1*12:02,129,25,YHVDPTGAY,0.096131,25
1,ATKNWRPERRHTALG,616,630,15,HLA-DRB1*15:02,124,26,WRPERRHTA,0.04619,26
1,AASTGRIQPYSKPTS,411,425,15,HLA-DRB1*15:02,83,26,IQPYSKPTS,0.045353,26
1,TAGVHIFCDGEHAYP,281,295,15,HLA-DRB1*15:02,57,27,VHIFCDGEH,0.042527,27
1,LFQYGYIPIENELAD,316,330,15,HLA-DRB1*12:02,64,28,YIPIENELA,0.08585,28
1,AGGNATEKALLYQMP,336,350,15,HLA-DRB1*12:02,68,28,NATEKALLY,0.084243,28
1,KNTRQFITTIQNGHL,186,200,15,HLA-DRB1*15:02,38,28,FITTIQNGH,0.039877,28
1,EVERYATKNWRPERR,611,625,15,HLA-DRB1*15:02,123,28,YATKNWRPE,0.039096,28
1,VQYIRQNGSTAASTG,401,415,15,HLA-DRB1*12:02,81,29,IRQNGSTAA,0.081722,29
1,SDTDIQDQQPDTVDA,131,145,15,HLA-DRB1*12:02,27,30,IQDQQPDTV,0.07822,30
1,DKHTIMDPFDGSIAM,556,570,15,HLA-DRB1*15:02,112,30,MDPFDGSIA,0.0365,30
1,VPTRRVQYIRQNGST,396,410,15,HLA-DRB1*15:02,80,30,VQYIRQNGS,0.034921,30
1,IIANPSLSMLRDQLL,501,515,15,HLA-DRB1*12:02,101,31,LSMLRDQLL,0.071411,31
1,IPPGLMFNPKVPTRR,386,400,15,HLA-DRB1*15:02,78,31,LMFNPKVPT,0.034016,31
1,NELADLDGNAAGGNA,326,340,15,HLA-DRB1*15:02,66,31,LADLDGNAA,0.032632,31
1,QNGHLYKTEAIETTN,196,210,15,HLA-DRB1*12:02,40,32,LYKTEAIET,0.069029,32
1,TEKALLYQMPFFLLE,341,355,15,HLA-DRB1*15:02,69,33,LLYQMPFFL,0.030008,33
1,GADTTYNNDLTAGVH,271,285,15,HLA-DRB1*15:02,55,34,YNNDLTAGV,0.027602,34
1,AASTGRIQPYSKPTS,411,425,15,HLA-DRB1*12:02,83,35,IQPYSKPTS,0.062352,35
1,CEIVWEVERYATKNW,606,620,15,HLA-DRB1*12:02,122,35,IVWEVERYA,0.06207,35
1,FYFANSNKGAKKTKK,106,120,15,HLA-DRB1*15:02,22,35,YFANSNKGA,0.026854,35
1,MPPIKRQPRGWVLPG,1,15,15,HLA-DRB1*15:02,1,35,IKRQPRGWV,0.026083,35
1,TEKALLYQMPFFLLE,341,355,15,HLA-DRB1*12:02,69,36,LYQMPFFLL,0.059401,36
1,CEIVWEVERYATKNW,606,620,15,HLA-DRB1*15:02,122,36,IVWEVERYA,0.025626,36
1,RIQPYSKPTSWMTGP,416,430,15,HLA-DRB1*15:02,84,37,YSKPTSWMT,0.02371,37
1,EYKRFRPKAMQVKIY,246,260,15,HLA-DRB1*12:02,50,38,PKAMQVKIY,0.053527,38
1,RPKAMQVKIYNLQIK,251,265,15,HLA-DRB1*15:02,51,38,QVKIYNLQI,0.022184,38
1,YKTWKLFQYGYIPIE,311,325,15,HLA-DRB1*12:02,63,39,WKLFQYGYI,0.05171,39
1,SGKNPYLYFNKADEK,51,65,15,HLA-DRB1*12:02,11,39,YLYFNKADE,0.051106,39
1,YRYLGPFNPLDNGEP,16,30,15,HLA-DRB1*15:02,4,39,LGPFNPLDN,0.021519,39
1,LYQMPFFLLENSDHQ,346,360,15,HLA-DRB1*15:02,70,39,FFLLENSDH,0.021355,39
1,CEWVNNERAYIPPGL,376,390,15,HLA-DRB1*15:02,76,39,WVNNERAYI,0.02122,39
1,TTYNLVGDIWMFPNQ,521,535,15,HLA-DRB1*15:02,105,39,YNLVGDIWM,0.020667,39
1,SLSMLRDQLLYKGNQ,506,520,15,HLA-DRB1*12:02,102,41,LSMLRDQLL,0.046835,41
1,SKPTSWMTGPGLLSA,421,435,15,HLA-DRB1*15:02,85,41,WMTGPGLLS,0.018692,41
1,KGSGVGISTGGWVGG,161,175,15,HLA-DRB1*12:02,33,42,VGISTGGWV,0.044491,42
1,NLEYKLQWYQTPEGT,481,495,15,HLA-DRB1*12:02,97,43,LQWYQTPEG,0.043739,43
1,GLLSAQRVGPQSSDT,431,445,15,HLA-DRB1*12:02,87,43,LSAQRVGPQ,0.043598,43
1,WMTGPGLLSAQRVGP,426,440,15,HLA-DRB1*12:02,86,43,PGLLSAQRV,0.043553,43
1,SPQDWQRLTNEYKRF,236,250,15,HLA-DRB1*12:02,48,43,WQRLTNEYK,0.043031,43
1,AQKRHFYFANSNKGA,101,115,15,HLA-DRB1*12:02,21,44,FYFANSNKG,0.041287,44
1,DPTGAYIQPTSYDQC,646,660,15,HLA-DRB1*12:02,130,44,GAYIQPTSY,0.041286,44
1,ESNYTPTYHVDPTGA,636,650,15,HLA-DRB1*15:02,128,44,YTPTYHVDP,0.016267,44
1,QRLTNEYKRFRPKAM,241,255,15,HLA-DRB1*12:02,49,46,YKRFRPKAM,0.03817,46
1,FITTIQNGHLYKTEA,191,205,15,HLA-DRB1*15:02,39,48,ITTIQNGHL,0.013517,48
1,VNNADRAAQLHDHAY,31,45,15,HLA-DRB1*12:02,7,49,AAQLHDHAY,0.033843,49
1,ATKNWRPERRHTALG,616,630,15,HLA-DRB1*12:02,124,49,WRPERRHTA,0.03314,49
1,DNGEPVNNADRAAQL,26,40,15,HLA-DRB1*12:02,6,49,VNNADRAAQ,0.032877,49
1,HDHAYSELIKSGKNP,41,55,15,HLA-DRB1*15:02,9,49,YSELIKSGK,0.012836,49
1,KGSGVGISTGGWVGG,161,175,15,HLA-DRB1*15:02,33,50,VGISTGGWV,0.01193,50
1,WDEDVMPDLPYKTWK,301,315,15,HLA-DRB1*12:02,61,51,VMPDLPYKT,0.030195,51
1,SDTDIQDQQPDTVDA,131,145,15,HLA-DRB1*15:02,27,51,IQDQQPDTV,0.011474,51
1,YIPIENELADLDGNA,321,335,15,HLA-DRB1*12:02,65,52,IENELADLD,0.029237,52
1,YLYFNKADEKFIDDL,56,70,15,HLA-DRB1*12:02,12,52,FNKADEKFI,0.029151,52
1,YRYLGPFNPLDNGEP,16,30,15,HLA-DRB1*12:02,4,52,LGPFNPLDN,0.028636,52
1,IFCDGEHAYPNASHP,286,300,15,HLA-DRB1*15:02,58,52,EHAYPNASH,0.010687,52
1,KDDWSIGGIIGSSFF,71,85,15,HLA-DRB1*12:02,15,53,IGGIIGSSF,0.028236,53
1,RAAQLHDHAYSELIK,36,50,15,HLA-DRB1*12:02,8,53,LHDHAYSEL,0.027622,53
1,EVERYATKNWRPERR,611,625,15,HLA-DRB1*12:02,123,53,YATKNWRPE,0.027588,53
1,YKTEAIETTNQSGKS,201,215,15,HLA-DRB1*12:02,41,53,IETTNQSGK,0.027574,53
1,MFPNQVWDRFPITRE,531,545,15,HLA-DRB1*15:02,107,53,WDRFPITRE,0.01047,53
1,YSCHFSPQDWQRLTN,231,245,15,HLA-DRB1*15:02,47,53,FSPQDWQRL,0.010246,53
1,WVLPGYRYLGPFNPL,11,25,15,HLA-DRB1*12:02,3,54,YRYLGPFNP,0.02636,54
1,MFPNQVWDRFPITRE,531,545,15,HLA-DRB1*12:02,107,55,NQVWDRFPI,0.025515,55
1,RAAQLHDHAYSELIK,36,50,15,HLA-DRB1*15:02,8,55,LHDHAYSEL,0.009701,55
1,TGAAGFGSGFDPPSG,461,475,15,HLA-DRB1*15:02,93,55,FGSGFDPPS,0.009552,55
1,SHFSDKYVVTKNTRQ,176,190,15,HLA-DRB1*12:02,36,56,YVVTKNTRQ,0.024859,56
1,NPIWCKKPRADKHTI,546,560,15,HLA-DRB1*12:02,110,56,IWCKKPRAD,0.024814,56
1,RQPRGWVLPGYRYLG,6,20,15,HLA-DRB1*15:02,2,56,GWVLPGYRY,0.009242,56
1,TGQVSCEIVWEVERY,601,615,15,HLA-DRB1*15:02,121,56,VSCEIVWEV,0.009113,56
1,MFNPKVPTRRVQYIR,391,405,15,HLA-DRB1*12:02,79,57,KVPTRRVQY,0.023472,57
1,GTHINTGAAGFGSGF,456,470,15,HLA-DRB1*12:02,92,57,INTGAAGFG,0.023264,57
1,IIANPSLSMLRDQLL,501,515,15,HLA-DRB1*15:02,101,57,LSMLRDQLL,0.008883,57
1,FFLLENSDHQVLRTG,351,365,15,HLA-DRB1*15:02,71,57,LLENSDHQV,0.008861,57
1,KADEKFIDDLKDDWS,61,75,15,HLA-DRB1*15:02,13,58,EKFIDDLKD,0.008314,58
1,NSDHQVLRTGESTEF,356,370,15,HLA-DRB1*12:02,72,59,HQVLRTGES,0.021116,59
1,MDPFDGSIAMDHPPG,561,575,15,HLA-DRB1*15:02,113,59,FDGSIAMDH,0.007894,59
1,SLSMLRDQLLYKGNQ,506,520,15,HLA-DRB1*15:02,102,59,LSMLRDQLL,0.007832,59
1,FIDDLKDDWSIGGII,66,80,15,HLA-DRB1*15:02,14,60,LKDDWSIGG,0.007566,60
1,DHPPGTIFIKMAKIP,571,585,15,HLA-DRB1*15:02,115,60,TIFIKMAKI,0.007404,60
1,TPWTYFNFNQYSCHF,221,235,15,HLA-DRB1*12:02,45,61,WTYFNFNQY,0.019482,61
1,LYQMPFFLLENSDHQ,346,360,15,HLA-DRB1*12:02,70,61,FFLLENSDH,0.019348,61
1,YKTEAIETTNQSGKS,201,215,15,HLA-DRB1*15:02,41,61,EAIETTNQS,0.007256,61
1,WDEDVMPDLPYKTWK,301,315,15,HLA-DRB1*15:02,61,61,VMPDLPYKT,0.007085,61
1,NERAYIPPGLMFNPK,381,395,15,HLA-DRB1*15:02,77,61,ERAYIPPGL,0.007067,61
1,FFLLENSDHQVLRTG,351,365,15,HLA-DRB1*12:02,71,62,LENSDHQVL,0.018623,62
1,GSIAMDHPPGTIFIK,566,580,15,HLA-DRB1*12:02,114,62,IAMDHPPGT,0.018528,62
1,TGQVSCEIVWEVERY,601,615,15,HLA-DRB1*12:02,121,64,VSCEIVWEV,0.017566,64
1,QRVGPQSSDTAPFMV,436,450,15,HLA-DRB1*12:02,88,64,VGPQSSDTA,0.017519,64
1,HDHAYSELIKSGKNP,41,55,15,HLA-DRB1*12:02,9,64,YSELIKSGK,0.017503,64
1,VWDRFPITRENPIWC,536,550,15,HLA-DRB1*15:02,108,64,FPITRENPI,0.006257,64
1,YKGNQTTYNLVGDIW,516,530,15,HLA-DRB1*15:02,104,66,GNQTTYNLV,0.005685,66
1,QILSNGADTTYNNDL,266,280,15,HLA-DRB1*12:02,54,67,LSNGADTTY,0.015336,67
1,NADSYLNIYCTGQVS,591,605,15,HLA-DRB1*12:02,119,67,LNIYCTGQV,0.015123,67
1,KKPRADKHTIMDPFD,551,565,15,HLA-DRB1*12:02,111,67,PRADKHTIM,0.015113,67
1,LQWYQTPEGTGNNGN,486,500,15,HLA-DRB1*15:02,98,67,WYQTPEGTG,0.005409,67
1,RPERRHTALGMSLGG,621,635,15,HLA-DRB1*15:02,125,67,ERRHTALGM,0.005302,67
1,CEWVNNERAYIPPGL,376,390,15,HLA-DRB1*12:02,76,68,WVNNERAYI,0.014411,68
1,DPTGAYIQPTSYDQC,646,660,15,HLA-DRB1*15:02,130,68,TGAYIQPTS,0.005277,68
1,TPEGTGNNGNIIANP,491,505,15,HLA-DRB1*15:02,99,68,GTGNNGNII,0.005171,68
1,TFNFDCEWVNNERAY,371,385,15,HLA-DRB1*15:02,75,68,FDCEWVNNE,0.005091,68
1,VAPALGNKERAQKRH,91,105,15,HLA-DRB1*12:02,19,69,ALGNKERAQ,0.013963,69
1,YIPIENELADLDGNA,321,335,15,HLA-DRB1*15:02,65,69,IENELADLD,0.005014,69
1,EHAYPNASHPWDEDV,291,305,15,HLA-DRB1*15:02,59,69,AYPNASHPW,0.004954,69
1,GSIAMDHPPGTIFIK,566,580,15,HLA-DRB1*15:02,114,69,IAMDHPPGT,0.004828,69
1,KDDWSIGGIIGSSFF,71,85,15,HLA-DRB1*15:02,15,70,WSIGGIIGS,0.004808,70
1,GTHINTGAAGFGSGF,456,470,15,HLA-DRB1*15:02,92,70,INTGAAGFG,0.004667,70
1,NPIWCKKPRADKHTI,546,560,15,HLA-DRB1*15:02,110,70,IWCKKPRAD,0.004601,70
1,RIQPYSKPTSWMTGP,416,430,15,HLA-DRB1*12:02,84,71,IQPYSKPTS,0.01237,71
1,NSDHQVLRTGESTEF,356,370,15,HLA-DRB1*15:02,72,71,HQVLRTGES,0.004422,71
1,DKHTIMDPFDGSIAM,556,570,15,HLA-DRB1*12:02,112,72,MDPFDGSIA,0.011875,72
1,QRCVTTPWTYFNFNQ,216,230,15,HLA-DRB1*15:02,44,72,TTPWTYFNF,0.004337,72
1,DNGEPVNNADRAAQL,26,40,15,HLA-DRB1*15:02,6,73,VNNADRAAQ,0.00415,73
1,WMTGPGLLSAQRVGP,426,440,15,HLA-DRB1*15:02,86,73,PGLLSAQRV,0.004058,73
1,GADTTYNNDLTAGVH,271,285,15,HLA-DRB1*12:02,55,74,YNNDLTAGV,0.010955,74
1,EHAYPNASHPWDEDV,291,305,15,HLA-DRB1*12:02,59,74,AYPNASHPW,0.010776,74
1,GTSKMSDTDIQDQQP,126,140,15,HLA-DRB1*12:02,26,75,MSDTDIQDQ,0.010512,75
1,APFMVCTNPEGTHIN,446,460,15,HLA-DRB1*12:02,90,75,MVCTNPEGT,0.010308,75
1,TPEGTGNNGNIIANP,491,505,15,HLA-DRB1*12:02,99,75,GTGNNGNII,0.010256,75
1,SKPTSWMTGPGLLSA,421,435,15,HLA-DRB1*12:02,85,75,TSWMTGPGL,0.01019,75
1,QRVGPQSSDTAPFMV,436,450,15,HLA-DRB1*15:02,88,75,VGPQSSDTA,0.003769,75
1,GWVGGSHFSDKYVVT,171,185,15,HLA-DRB1*15:02,35,75,GSHFSDKYV,0.003646,75
1,YSCHFSPQDWQRLTN,231,245,15,HLA-DRB1*12:02,47,76,FSPQDWQRL,0.009976,76
1,MSLGGESNYTPTYHV,631,645,15,HLA-DRB1*12:02,127,76,GESNYTPTY,0.009574,76
1,MFNPKVPTRRVQYIR,391,405,15,HLA-DRB1*15:02,79,77,FNPKVPTRR,0.003411,77
1,CLAPTNLEYKLQWYQ,476,490,15,HLA-DRB1*15:02,96,77,LEYKLQWYQ,0.003358,77
1,AGGNATEKALLYQMP,336,350,15,HLA-DRB1*15:02,68,77,NATEKALLY,0.003312,77
1,YNNDLTAGVHIFCDG,276,290,15,HLA-DRB1*15:02,56,77,LTAGVHIFC,0.003263,77
1,PFNPLDNGEPVNNAD,21,35,15,HLA-DRB1*15:02,5,78,FNPLDNGEP,0.003205,78
1,MAKIPVPTASNADSY,581,595,15,HLA-DRB1*15:02,117,78,PVPTASNAD,0.003147,78
1,ESTEFTFNFDCEWVN,366,380,15,HLA-DRB1*15:02,74,78,FTFNFDCEW,0.003144,78
1,CLAPTNLEYKLQWYQ,476,490,15,HLA-DRB1*12:02,96,79,LEYKLQWYQ,0.008495,79
1,GTSKMSDTDIQDQQP,126,140,15,HLA-DRB1*15:02,26,79,KMSDTDIQD,0.002912,79
1,KADEKFIDDLKDDWS,61,75,15,HLA-DRB1*12:02,13,80,EKFIDDLKD,0.008133,80
1,GWVGGSHFSDKYVVT,171,185,15,HLA-DRB1*12:02,35,80,SHFSDKYVV,0.007951,80
1,NERAYIPPGLMFNPK,381,395,15,HLA-DRB1*12:02,77,80,RAYIPPGLM,0.007919,80
1,QNGSTAASTGRIQPY,406,420,15,HLA-DRB1*12:02,82,80,STAASTGRI,0.007869,80
1,KKTKKSEPKPGTSKM,116,130,15,HLA-DRB1*12:02,24,80,TKKSEPKPG,0.007866,80
1,VNNADRAAQLHDHAY,31,45,15,HLA-DRB1*15:02,7,80,RAAQLHDHA,0.002857,80
1,GNKERAQKRHFYFAN,96,110,15,HLA-DRB1*15:02,20,80,ERAQKRHFY,0.002835,80
1,GLLSAQRVGPQSSDT,431,445,15,HLA-DRB1*15:02,87,80,LSAQRVGPQ,0.0028,80
1,ESNYTPTYHVDPTGA,636,650,15,HLA-DRB1*12:02,128,81,YTPTYHVDP,0.00762,81
1,YIQPTSYDQCMPVKT,651,665,15,HLA-DRB1*15:02,131,81,TSYDQCMPV,0.0027,81
1,FIDDLKDDWSIGGII,66,80,15,HLA-DRB1*12:02,14,82,LKDDWSIGG,0.007152,82
1,HTALGMSLGGESNYT,626,640,15,HLA-DRB1*12:02,126,83,MSLGGESNY,0.0069,83
1,YNNDLTAGVHIFCDG,276,290,15,HLA-DRB1*12:02,56,83,DLTAGVHIF,0.006729,83
1,RPERRHTALGMSLGG,621,635,15,HLA-DRB1*12:02,125,83,ERRHTALGM,0.006556,83
1,QNGSTAASTGRIQPY,406,420,15,HLA-DRB1*15:02,82,83,STAASTGRI,0.002479,83
1,MAKIPVPTASNADSY,581,595,15,HLA-DRB1*12:02,117,84,PTASNADSY,0.006136,84
1,VAPALGNKERAQKRH,91,105,15,HLA-DRB1*15:02,19,84,ALGNKERAQ,0.002305,84
1,MSLGGESNYTPTYHV,631,645,15,HLA-DRB1*15:02,127,84,SNYTPTYHV,0.002302,84
1,SYDQCMPVKTNINKV,656,670,15,HLA-DRB1*12:02,132,85,CMPVKTNIN,0.00586,85
1,SYDQCMPVKTNINKV,656,670,15,HLA-DRB1*15:02,132,85,CMPVKTNIN,0.002182,85
1,HTALGMSLGGESNYT,626,640,15,HLA-DRB1*15:02,126,85,LGMSLGGES,0.002149,85
1,YKGNQTTYNLVGDIW,516,530,15,HLA-DRB1*12:02,104,86,TTYNLVGDI,0.005721,86
1,KKPRADKHTIMDPFD,551,565,15,HLA-DRB1*15:02,111,86,RADKHTIMD,0.00206,86
1,MDPFDGSIAMDHPPG,561,575,15,HLA-DRB1*12:02,113,87,FDGSIAMDH,0.005346,87
1,SNKGAKKTKKSEPKP,111,125,15,HLA-DRB1*12:02,23,87,AKKTKKSEP,0.005003,87
1,GISTGGWVGGSHFSD,166,180,15,HLA-DRB1*15:02,34,87,WVGGSHFSD,0.001955,87
1,LQWYQTPEGTGNNGN,486,500,15,HLA-DRB1*12:02,98,88,WYQTPEGTG,0.004924,88
1,VLRTGESTEFTFNFD,361,375,15,HLA-DRB1*12:02,73,88,TGESTEFTF,0.004923,88
1,CTNPEGTHINTGAAG,451,465,15,HLA-DRB1*15:02,91,88,EGTHINTGA,0.001781,88
1,QDQQPDTVDAPQNTS,136,150,15,HLA-DRB1*15:02,28,88,DTVDAPQNT,0.001747,88
1,QDQQPDTVDAPQNTS,136,150,15,HLA-DRB1*12:02,28,89,QQPDTVDAP,0.004582,89
1,PITRENPIWCKKPRA,541,555,15,HLA-DRB1*12:02,109,89,ITRENPIWC,0.004528,89
1,DTVDAPQNTSGGGTG,141,155,15,HLA-DRB1*15:02,29,89,DAPQNTSGG,0.001637,89
1,YIQPTSYDQCMPVKT,651,665,15,HLA-DRB1*12:02,131,90,TSYDQCMPV,0.004169,90
1,QILSNGADTTYNNDL,266,280,15,HLA-DRB1*15:02,54,90,LSNGADTTY,0.001512,90
1,FGSGFDPPSGCLAPT,466,480,15,HLA-DRB1*15:02,94,90,FDPPSGCLA,0.001495,90
1,VPTASNADSYLNIYC,586,600,15,HLA-DRB1*12:02,118,91,TASNADSYL,0.00397,91
1,TTYNLVGDIWMFPNQ,521,535,15,HLA-DRB1*12:02,105,91,VGDIWMFPN,0.003937,91
1,FNFNQYSCHFSPQDW,226,240,15,HLA-DRB1*12:02,46,91,FNQYSCHFS,0.003776,91
1,DPPSGCLAPTNLEYK,471,485,15,HLA-DRB1*12:02,95,91,SGCLAPTNL,0.003752,91
1,PITRENPIWCKKPRA,541,555,15,HLA-DRB1*15:02,109,91,ITRENPIWC,0.001393,91
1,CTNPEGTHINTGAAG,451,465,15,HLA-DRB1*12:02,91,92,GTHINTGAA,0.003378,92
1,NASHPWDEDVMPDLP,296,310,15,HLA-DRB1*15:02,60,92,WDEDVMPDL,0.001294,92
1,VPTASNADSYLNIYC,586,600,15,HLA-DRB1*15:02,118,92,TASNADSYL,0.001274,92
1,QSSDTAPFMVCTNPE,441,455,15,HLA-DRB1*15:02,89,92,TAPFMVCTN,0.001268,92
1,QRCVTTPWTYFNFNQ,216,230,15,HLA-DRB1*12:02,44,93,CVTTPWTYF,0.003185,93
1,PFNPLDNGEPVNNAD,21,35,15,HLA-DRB1*12:02,5,93,LDNGEPVNN,0.003139,93
1,SEPKPGTSKMSDTDI,121,135,15,HLA-DRB1*12:02,25,93,GTSKMSDTD,0.003087,93
1,FYFANSNKGAKKTKK,106,120,15,HLA-DRB1*12:02,22,93,ANSNKGAKK,0.003051,93
1,SNKGAKKTKKSEPKP,111,125,15,HLA-DRB1*15:02,23,93,KKTKKSEPK,0.001202,93
1,IETTNQSGKSQRCVT,206,220,15,HLA-DRB1*15:02,42,93,NQSGKSQRC,0.001166,93
1,VWDRFPITRENPIWC,536,550,15,HLA-DRB1*12:02,108,94,FPITRENPI,0.002908,94
1,TFNFDCEWVNNERAY,371,385,15,HLA-DRB1*12:02,75,94,FDCEWVNNE,0.002845,94
1,QSGKSQRCVTTPWTY,211,225,15,HLA-DRB1*12:02,43,94,QRCVTTPWT,0.002822,94
1,VLRTGESTEFTFNFD,361,375,15,HLA-DRB1*15:02,73,94,GESTEFTFN,0.001104,94
1,GISTGGWVGGSHFSD,166,180,15,HLA-DRB1*12:02,34,95,GGWVGGSHF,0.002606,95
1,GGGTGSIGGGKGSGV,151,165,15,HLA-DRB1*12:02,31,95,IGGGKGSGV,0.002459,95
1,QSGKSQRCVTTPWTY,211,225,15,HLA-DRB1*15:02,43,95,QRCVTTPWT,0.00094,95
1,DPPSGCLAPTNLEYK,471,485,15,HLA-DRB1*15:02,95,95,SGCLAPTNL,0.000913,95
1,NASHPWDEDVMPDLP,296,310,15,HLA-DRB1*12:02,60,96,WDEDVMPDL,0.00204,96
1,IFCDGEHAYPNASHP,286,300,15,HLA-DRB1*12:02,58,96,EHAYPNASH,0.001854,96
1,GGGTGSIGGGKGSGV,151,165,15,HLA-DRB1*15:02,31,96,IGGGKGSGV,0.000828,96
1,KKTKKSEPKPGTSKM,116,130,15,HLA-DRB1*15:02,24,96,TKKSEPKPG,0.000781,96
1,DTVDAPQNTSGGGTG,141,155,15,HLA-DRB1*12:02,29,97,VDAPQNTSG,0.001626,97
1,TGAAGFGSGFDPPSG,461,475,15,HLA-DRB1*12:02,93,97,AAGFGSGFD,0.001552,97
1,LDGNAAGGNATEKAL,331,345,15,HLA-DRB1*15:02,67,97,AGGNATEKA,0.000723,97
1,PQNTSGGGTGSIGGG,146,160,15,HLA-DRB1*15:02,30,97,GGGTGSIGG,0.000707,97
1,SIGGGKGSGVGISTG,156,170,15,HLA-DRB1*15:02,32,97,IGGGKGSGV,0.000671,97
1,IETTNQSGKSQRCVT,206,220,15,HLA-DRB1*12:02,42,98,NQSGKSQRC,0.001485,98
1,LDGNAAGGNATEKAL,331,345,15,HLA-DRB1*12:02,67,98,AGGNATEKA,0.001422,98
1,SIGGGKGSGVGISTG,156,170,15,HLA-DRB1*12:02,32,98,GGKGSGVGI,0.001145,98
1,ESTEFTFNFDCEWVN,366,380,15,HLA-DRB1*12:02,74,99,FTFNFDCEW,0.001072,99
1,QSSDTAPFMVCTNPE,441,455,15,HLA-DRB1*12:02,89,99,TAPFMVCTN,0.001048,99
1,PQNTSGGGTGSIGGG,146,160,15,HLA-DRB1*12:02,30,99,TSGGGTGSI,0.000896,99
1,LNIYCTGQVSCEIVW,596,610,15,HLA-DRB1*12:02,120,99,IYCTGQVSC,0.000848,99
1,FGSGFDPPSGCLAPT,466,480,15,HLA-DRB1*12:02,94,99,FDPPSGCLA,0.000809,99
1,SEPKPGTSKMSDTDI,121,135,15,HLA-DRB1*15:02,25,99,PKPGTSKMS,0.000463,99
1,LNIYCTGQVSCEIVW,596,610,15,HLA-DRB1*15:02,120,99,IYCTGQVSC,0.000455,99